1.356383477316745939e+03,-3.233833493016872840e+00,4.843275642495674660e+00,-3.374313721588351633e+00,-3.780303599634398992e+00,-1.520033352848471742e+00,-3.980501934202923309e+00
1.758851112100980572e+03,-3.229249411547811643e+00,8.217460845521959101e+00,-3.361491257584557246e+00,-3.769144390356585994e+00,-1.495023617706780161e+00,-3.968676710135990326e+00
1.494838559398889856e+03,-3.233457540218102721e+00,7.217898144311978292e+00,-3.374914643725694940e+00,-3.775479888278060692e+00,-1.503968317598107562e+00,-3.979561581055565345e+00
2.257662350578739279e+03,-3.229494598155705276e+00,6.596476888268737682e+00,-3.365113540851468077e+00,-3.769531605444114142e+00,-1.479295115719654108e+00,-3.974383973967097194e+00
2.458119203424941134e+03,-3.229645947913664550e+00,6.429883104733740140e+00,-3.369782726796677785e+00,-3.773000063994102593e+00,-1.498247252123060536e+00,-3.983475942650894552e+00
1.766620757560135871e+03,-3.231746682554134331e+00,7.133279079659281763e+00,-3.367207346208064500e+00,-3.771438845715664012e+00,-1.497910718859822410e+00,-3.972409798835443429e+00
1.519546031959003358e+03,-3.234455237822568385e+00,3.653320045817126882e+00,-3.372002160474669719e+00,-3.780616667151974752e+00,-1.516561746554015988e+00,-3.980799335047720877e+00
1.827223992141545750e+03,-3.230826476025744132e+00,5.811106194460895047e+00,-3.365364797494259985e+00,-3.776555028042368978e+00,-1.491428025473236607e+00,-3.977788505542774633e+00
1.305259210195505148e+03,-3.234006939839494166e+00,4.814187839021310644e+00,-3.372504673760252203e+00,-3.782250385276589189e+00,-1.517713044559830360e+00,-3.983167212250105393e+00
8.880292490388753777e+02,-3.234681657060475057e+00,6.948174875731507605e+00,-3.367291098422328322e+00,-3.779438544651622767e+00,-1.508662071006427796e+00,-3.979102734037878175e+00
1.514728851774327040e+03,-3.233063122748861762e+00,5.819039231772084264e+00,-3.366411700172557531e+00,-3.777815536731556900e+00,-1.501612584755440905e+00,-3.981385639570320656e+00
1.238595652155954213e+03,-3.234827255527631173e+00,6.271222358509932704e+00,-3.375178463200625423e+00,-3.779129596443488559e+00,-1.487779296408655583e+00,-3.980014763295256053e+00
3.211774812962987198e+03,-3.226649222706076792e+00,9.460303357608443875e+00,-3.358832124781679251e+00,-3.756205639399918361e+00,-1.497946143413847464e+00,-3.972361648222476838e+00
2.249892705119584207e+03,-3.230723558190331968e+00,6.458970908208104156e+00,-3.363815381530378623e+00,-3.772802337140896523e+00,-1.493482649606690194e+00,-3.978522094293273970e+00
9.175539017836647417e+02,-3.235457778619288405e+00,6.329397965458663400e+00,-3.375611880909441087e+00,-3.782373964559842872e+00,-1.493766046038890627e+00,-3.980150717967163132e+00
1.587918911999568081e+03,-3.233044960777906596e+00,5.414454328901378233e+00,-3.368945204654039127e+00,-3.778643517929356932e+00,-1.511177214342207087e+00,-3.980751184434753398e+00
1.153595730832797244e+03,-3.234233661776916069e+00,5.038957229505037105e+00,-3.372881558724439621e+00,-3.782466649022283356e+00,-1.511620021267520375e+00,-3.980026092851248087e+00
9.655703107212434588e+02,-3.235457778619288405e+00,3.785537334336964932e+00,-3.379546141174485818e+00,-3.783904288017469142e+00,-1.510663558308843468e+00,-3.981510264686235701e+00
1.105423928986035662e+03,-3.232999858550035022e+00,6.622920345972705292e+00,-3.368631133850549464e+00,-3.770956886510973938e+00,-1.506696008258036956e+00,-3.972259682218545862e+00
1.169756593387839985e+03,-3.235142365723702174e+00,6.493347403223262759e+00,-3.362600974423552547e+00,-3.780830871242947921e+00,-1.510043628613405131e+00,-3.978287006006434812e+00
1.381557128604408263e+03,-3.232653267604308489e+00,4.346138637661081994e+00,-3.371499647189086346e+00,-3.776781590061667249e+00,-1.507829593986838912e+00,-3.979728692006450963e+00
1.709125381162387839e+03,-3.233467529302128440e+00,7.286651134342294611e+00,-3.370410868403656668e+00,-3.780964336868862574e+00,-1.482182216872696356e+00,-3.982626225951474197e+00
1.263303124716067487e+03,-3.232639646126092448e+00,6.723405485247782032e+00,-3.366662956815349439e+00,-3.772686996476526389e+00,-1.509352849809916464e+00,-3.972766679849200067e+00
1.329500504028069145e+03,-3.233677300066659210e+00,5.038957229505037105e+00,-3.367312036475893944e+00,-3.782119803167284466e+00,-1.512558771949184200e+00,-3.981932290646947870e+00
1.667169295682950406e+03,-3.232143218919987238e+00,5.935390445669542991e+00,-3.372253417117460739e+00,-3.779360277772228383e+00,-1.490365288852484982e+00,-3.980385806254003178e+00
1.133705438457360060e+03,-3.232458026416541674e+00,5.649801102466692093e+00,-3.367207346208064500e+00,-3.772876484710848910e+00,-1.504357987692383158e+00,-3.967175543967014661e+00
1.645414288397316113e+03,-3.230853718982176659e+00,8.391987666368146748e+00,-3.356884885800045293e+00,-3.768691266317988564e+00,-1.489213990846670388e+00,-3.966580742277419969e+00
1.629874997479005742e+03,-3.230732639175809773e+00,5.715909746726611118e+00,-3.368191434725664735e+00,-3.760934606639095179e+00,-1.516207501013765224e+00,-3.966722361727323065e+00
1.508513135407002892e+03,-3.233635830232978403e+00,4.951693819081942394e+00,-3.374114810079474669e+00,-3.777514827142305798e+00,-1.507776457155801220e+00,-3.980221527692114680e+00
1.427708822631789644e+03,-3.232740142365376990e+00,4.153101396422116842e+00,-3.372986248992269953e+00,-3.774602475366959364e+00,-1.507262801122438045e+00,-3.978482440847300960e+00
1.771282544835628869e+03,-3.232103867982917933e+00,6.213046751561204672e+00,-3.366977027618838658e+00,-3.770054757743221518e+00,-1.515073915284963491e+00,-3.974007266230354052e+00
1.409372459348183611e+03,-3.232965048105703953e+00,6.733982868329369431e+00,-3.371478709135520280e+00,-3.778824767544795904e+00,-1.508591221898377688e+00,-3.980405632976989239e+00
1.514573458865143948e+03,-3.233286212292092898e+00,5.723842784037801223e+00,-3.368987080761170816e+00,-3.778779455140935717e+00,-1.496033217496494316e+00,-3.980394303420996760e+00
1.990386546783802942e+03,-3.232965048105703953e+00,5.221417087662413969e+00,-3.368484567475588332e+00,-3.778907153733631397e+00,-1.491817695567512203e+00,-3.981634889802150745e+00
1.772836473927460020e+03,-3.231283552294780037e+00,6.548878664401594385e+00,-3.370662125046447688e+00,-3.770087712218755716e+00,-1.513355824414748252e+00,-3.976403467322719543e+00
1.334628470031111419e+03,-3.233836520012031812e+00,6.086118154582158546e+00,-3.368400815261324066e+00,-3.777918519467601488e+00,-1.504180864922257888e+00,-3.977086073071253391e+00
1.600350344734216378e+03,-3.232221920794125847e+00,5.628646336303517295e+00,-3.366244195744030332e+00,-3.778940108209165594e+00,-1.517571346343730143e+00,-3.977966946049653174e+00
1.543321147064017850e+03,-3.231571116834902391e+00,6.271222358509932704e+00,-3.364611027565885593e+00,-3.774458299536496586e+00,-1.502161665342829577e+00,-3.974508599083011795e+00
1.320176929477082922e+03,-3.232824898229834432e+00,6.599121234039134087e+00,-3.364024762066038399e+00,-3.778346927649547826e+00,-1.483227241216435344e+00,-3.978151051334526844e+00
1.000222929469075439e+03,-3.232279433702149873e+00,6.474836982830486143e+00,-3.358350549549662833e+00,-3.775290400043738614e+00,-1.512806743827359579e+00,-3.971282508014212898e+00
2.002817979518451239e+03,-3.231776952505726275e+00,6.120494649597317149e+00,-3.366935151511706970e+00,-3.775817671652287544e+00,-1.502799307315280553e+00,-3.976981274678324851e+00
2.273201641497049422e+03,-3.230423885669573281e+00,5.374789142345426818e+00,-3.364883222262242235e+00,-3.772303900698440238e+00,-1.507032541521275082e+00,-3.973335990037811793e+00
1.716895026621542911e+03,-3.230747774151605078e+00,7.188810340837614277e+00,-3.359816213299280374e+00,-3.769861150199457445e+00,-1.497715883812684723e+00,-3.967487106756801829e+00
1.761958970284642874e+03,-3.231810249452477191e+00,7.165011228904043072e+00,-3.366390762118991908e+00,-3.767719109289726198e+00,-1.491357176365186499e+00,-3.971112564674328826e+00
1.547516755611961571e+03,-3.231559008854265613e+00,6.609698617120721487e+00,-3.364296956762395929e+00,-3.777724911923837414e+00,-1.513444385799810776e+00,-3.979527592387588353e+00
1.940660815845210436e+03,-3.229927458463468071e+00,7.241697256245549497e+00,-3.362391593887893659e+00,-3.770268961834194688e+00,-1.517376511296592234e+00,-3.971480775244077055e+00
1.422114677901198093e+03,-3.233762358630631883e+00,5.316613535396697898e+00,-3.374761795934662967e+00,-3.777053464484825263e+00,-1.499717371115100395e+00,-3.977001101401311800e+00
2.641482836261001466e+03,-3.229128331741444313e+00,8.090532248542915639e+00,-3.360444354906258368e+00,-3.770565552114003793e+00,-1.497715883812684723e+00,-3.976596069774587683e+00
1.440606434093987218e+03,-3.232270352716672512e+00,6.763070671803733447e+00,-3.367730797547213051e+00,-3.774705458103003952e+00,-1.504446549077445683e+00,-3.978388972010364899e+00
1.367727159687112135e+03,-3.233149694810414143e+00,5.837549652164862657e+00,-3.372462797653120514e+00,-3.776138977788747741e+00,-1.506696008258036956e+00,-3.978097235943563792e+00
1.149400122284853524e+03,-3.235457778619288405e+00,5.237283162284794180e+00,-3.373488762277852437e+00,-3.782001578986305290e+00,-1.503684921165907129e+00,-3.981416795849299195e+00
1.230359827969249864e+03,-3.233580133522049760e+00,7.376558890535784840e+00,-3.371039010010635550e+00,-3.781029421958042036e+00,-1.501258339215190585e+00,-3.980278175472075741e+00
2.002817979518451239e+03,-3.231540846883310447e+00,5.525516851258042372e+00,-3.368421753314889688e+00,-3.780250048611655700e+00,-1.504517398185496013e+00,-3.983838488442647208e+00
1.536639251969144425e+03,-3.231577170825220335e+00,6.329397965458663400e+00,-3.370117735653733071e+00,-3.777980309109228774e+00,-1.491197765872073644e+00,-3.980496269424927291e+00
1.019802436026146097e+03,-3.233271682715328943e+00,6.027942547633430515e+00,-3.362956921334173899e+00,-3.781108924630268930e+00,-1.513621508569936047e+00,-3.976924626898363790e+00
2.366437387006910740e+03,-3.227738940963381431e+00,9.489391161082808779e+00,-3.362098461137970062e+00,-3.768761294578498955e+00,-1.509653958519129535e+00,-3.970092904635023956e+00
1.253668764346715307e+03,-3.233775980108848369e+00,5.586336803977169474e+00,-3.370997133903503862e+00,-3.777288265123007527e+00,-1.511513747605444991e+00,-3.974148885680257148e+00
1.609673919285202601e+03,-3.233698186333257230e+00,5.427676057753362038e+00,-3.373279381742193550e+00,-3.782109092962735897e+00,-1.509034028823690976e+00,-3.983957448780566235e+00
8.449854131951560703e+02,-3.233944281039698776e+00,6.115205958056524338e+00,-3.361030620406105562e+00,-3.772406883434484826e+00,-1.491073779932986065e+00,-3.969894637405159354e+00
2.754919659964666607e+03,-3.227911479687454399e+00,1.108657600640246166e+01,-3.368338001100626311e+00,-3.754364308079438217e+00,-1.488806608475382376e+00,-3.970687706324618649e+00
1.539125538516074130e+03,-3.233342817101569899e+00,7.524642253678003989e+00,-3.371311204706993081e+00,-3.776394374974139101e+00,-1.511761719483620370e+00,-3.978275676450442333e+00
2.481428139802406349e+03,-3.229791243681304547e+00,7.352759778602213636e+00,-3.357136142442836757e+00,-3.769206179998212392e+00,-1.483971156850961925e+00,-3.972557083063342986e+00
2.644590694444663768e+03,-3.229948647429582209e+00,6.855622773767620970e+00,-3.366118567422634378e+00,-3.771702481519938477e+00,-1.496830269962058146e+00,-3.976706532945512684e+00
1.283193417091504671e+03,-3.233790206986096205e+00,4.576196719685601266e+00,-3.370494620617920489e+00,-3.777659002972768576e+00,-1.509282000701866355e+00,-3.978454116957320430e+00
1.343019687126999088e+03,-3.233916129984718779e+00,6.353197077392232828e+00,-3.367458602850855520e+00,-3.779459141198831862e+00,-1.499628809730037871e+00,-3.977193703853179940e+00
1.515971995047791779e+03,-3.232514933925534351e+00,8.915568128906707912e+00,-3.363501310726888960e+00,-3.775735285463452051e+00,-1.511248063450257195e+00,-3.975635889904242770e+00
1.757297183009149649e+03,-3.231434902052738867e+00,7.913361081926329810e+00,-3.363647877101850536e+00,-3.773148359134007368e+00,-1.484431676053287630e+00,-3.977712031039826623e+00
1.102782249529922865e+03,-3.232935383553144248e+00,5.853415726787242868e+00,-3.363857257637510312e+00,-3.775776478557870242e+00,-1.508520372790327579e+00,-3.973239688811877723e+00
9.750492781814126602e+02,-3.234681657060475057e+00,5.176463209565668855e+00,-3.371353080814124770e+00,-3.781610244589334702e+00,-1.503188977409556371e+00,-3.979148052261846757e+00
1.180478704121474038e+03,-3.232577895424845416e+00,6.088762500352556728e+00,-3.359648708870752287e+00,-3.776662130087855118e+00,-1.510822968801956323e+00,-3.967005600627130590e+00
1.135725546276740488e+03,-3.235457778619288405e+00,5.903658296424782570e+00,-3.371918408260405453e+00,-3.782231024522213048e+00,-1.513550659461885939e+00,-3.982629058340472206e+00
1.853640786702673267e+03,-3.230778044103197022e+00,1.132721147150856744e+01,-3.360172160209901726e+00,-3.761239435537787834e+00,-1.497751308366709555e+00,-3.960377810371651375e+00
1.126712757544120677e+03,-3.233600414389616429e+00,5.038957229505037105e+00,-3.367228284261630566e+00,-3.776587982517903175e+00,-1.507262801122438045e+00,-3.974522761028002282e+00
1.376584555510549080e+03,-3.233762055931116208e+00,5.845482689476052762e+00,-3.365469487762089429e+00,-3.780035844520682087e+00,-1.510185326829505348e+00,-3.980578408705871318e+00
1.117233790083951362e+03,-3.234154354503746109e+00,3.767026913944187871e+00,-3.368987080761170816e+00,-3.781634136584097305e+00,-1.517766181390867830e+00,-3.979374643381692334e+00
1.237197115973306381e+03,-3.233413346088779061e+00,7.204676415459994487e+00,-3.371520585242652412e+00,-3.776863976250502741e+00,-1.510663558308843468e+00,-3.979448285495642335e+00
1.268741876537476173e+03,-3.234600533590208826e+00,3.764382568173791022e+00,-3.376840944653763277e+00,-3.783087428955161258e+00,-1.511761719483620370e+00,-3.983286172588024421e+00
1.796145410304925235e+03,-3.229906269497353488e+00,8.516271917576796469e+00,-3.365804496619144714e+00,-3.767356610058848254e+00,-1.493181540897476900e+00,-3.969101568485700060e+00
1.612781777468864675e+03,-3.232379324542403509e+00,5.001936388719481208e+00,-3.368987080761170816e+00,-3.779310846058927087e+00,-1.497113666394258580e+00,-3.981396969126313135e+00
2.748703943597342459e+03,-3.229116223760807536e+00,8.291502527093069119e+00,-3.356654567210819895e+00,-3.770289558381403783e+00,-1.491658285074399570e+00,-3.972998935747042104e+00
2.124024448681271224e+03,-3.229182817654309812e+00,8.537426683739969491e+00,-3.356989576067875625e+00,-3.767591410697030518e+00,-1.491799983290499787e+00,-3.967742021766627936e+00
1.385441951333985799e+03,-3.233708175417282948e+00,8.267703415159498803e+00,-3.368149558618533046e+00,-3.777580736093374636e+00,-1.505686408468322801e+00,-3.980085573020207601e+00
1.039848121310766373e+03,-3.233485085874051368e+00,6.347908385851440016e+00,-3.362035646977271419e+00,-3.778173916652992848e+00,-1.491658285074399570e+00,-3.973998769063359582e+00
3.042396541953405631e+03,-3.229885080531239350e+00,6.228912826183584883e+00,-3.367814549761477760e+00,-3.765564710451668962e+00,-1.497645034704634615e+00,-3.974998602379677504e+00
1.478988482662213528e+03,-3.234187954150012700e+00,5.842838343705655468e+00,-3.371039010010635550e+00,-3.778248064222945235e+00,-1.497149090948283634e+00,-3.979046086257916670e+00
1.123604899360458603e+03,-3.234490956365446479e+00,4.404314244609810025e+00,-3.374950238416757120e+00,-3.781936493897125384e+00,-1.521308636793373692e+00,-3.981272344010397646e+00
1.439363290820522252e+03,-3.233540177185948217e+00,6.934953146879523800e+00,-3.368149558618533046e+00,-3.777597213331141734e+00,-1.490896657162860794e+00,-3.976853817173412242e+00
1.453193259737818380e+03,-3.233022561013728868e+00,6.858267119538017376e+00,-3.363564124887586715e+00,-3.776876334178828287e+00,-1.509051741100703392e+00,-3.975851151468095868e+00
1.684262515693091700e+03,-3.232677180866066369e+00,5.681533251711452515e+00,-3.368840514386209684e+00,-3.777086418960359460e+00,-1.517022265756341692e+00,-3.980125226466180610e+00
1.320332322386266014e+03,-3.235457778619288405e+00,5.107710219535352536e+00,-3.374719919827531278e+00,-3.782881051552127616e+00,-1.480163017293268046e+00,-3.980989105110591009e+00
1.378604663329929281e+03,-3.233735418373715476e+00,5.099777182224162431e+00,-3.369154585189698903e+00,-3.775640541346290568e+00,-1.498194115292022843e+00,-3.978196369558496315e+00
1.618997493836188596e+03,-3.231335011212486119e+00,5.871926147180020372e+00,-3.365553239976353250e+00,-3.773770374859717336e+00,-1.486858258004004174e+00,-3.976434623601698082e+00
1.917351879467744993e+03,-3.229055683857624093e+00,6.231557171953981289e+00,-3.361972832816573664e+00,-3.767714989980284201e+00,-1.504641384124583592e+00,-3.976766013114471754e+00
3.429324885819330575e+03,-3.227321215631414386e+00,6.289732778902711097e+00,-3.363626939048284470e+00,-3.768411153275946557e+00,-1.489373401339783243e+00,-3.977196536242178393e+00
1.356072691498379527e+03,-3.233686986451168810e+00,5.168530172254478749e+00,-3.370536496725052178e+00,-3.776892811416595386e+00,-1.517606770897755197e+00,-3.971509099134058474e+00
1.622105352019850670e+03,-3.232427756464950175e+00,4.097570135243784328e+00,-3.373384072010022994e+00,-3.779928742475195502e+00,-1.507971292202939129e+00,-3.982510098002553622e+00
2.919636143698754950e+03,-3.229376545344497362e+00,6.199825022709220868e+00,-3.365113540851468077e+00,-3.774318243015475804e+00,-1.484520237438350154e+00,-3.978771344525104059e+00
1.539280931425257222e+03,-3.233385800432830415e+00,4.684614896271868112e+00,-3.367982054190004959e+00,-3.776637414231204470e+00,-1.503720345719932183e+00,-3.976035256752970426e+00
1.501520454493763282e+03,-3.233775980108848369e+00,4.983425968326703703e+00,-3.370306178135826336e+00,-3.780876183646807664e+00,-1.502250226727892102e+00,-3.979941121181306052e+00
2.332250946986628151e+03,-3.231144310517457985e+00,6.815957587211668667e+00,-3.372379045438857137e+00,-3.778697068952100224e+00,-1.506766857366087287e+00,-3.983283340199026412e+00
1.535240715786496366e+03,-3.233888281629254013e+00,4.912028632525991867e+00,-3.372462797653120514e+00,-3.781888709907599733e+00,-1.501329188323240471e+00,-3.982348651829663577e+00
1.605012132009709603e+03,-3.230187780047157453e+00,9.275199153680670605e+00,-3.356947699960743492e+00,-3.763406192304170172e+00,-1.505491573421185114e+00,-3.964852984988598728e+00
9.825081378222016610e+02,-3.234293596281068162e+00,3.105940471344994513e+00,-3.369761788743111719e+00,-3.777288265123007527e+00,-1.517323374465554542e+00,-3.978216196281482819e+00
2.338466663353952299e+03,-3.228259584130760196e+00,8.783350840386869862e+00,-3.359292761960130935e+00,-3.764061162505415226e+00,-1.509795656735229530e+00,-3.974072411177309139e+00
1.547672148521144663e+03,-3.233019231319053333e+00,5.031024192193846112e+00,-3.366997965672404725e+00,-3.774837276005141629e+00,-1.518598658410456714e+00,-3.975395136839407151e+00
1.799253268488587310e+03,-3.232864249166903736e+00,5.832260960624068069e+00,-3.371750903831878254e+00,-3.777584855402816189e+00,-1.491463450027261883e+00,-3.980745519656757381e+00
1.236264758518207827e+03,-3.233475702189057888e+00,6.276511050050727292e+00,-3.362391593887893659e+00,-3.780414820989327573e+00,-1.510734407416893799e+00,-3.975267679334494098e+00
1.729326459356191435e+03,-3.231177607464208901e+00,6.810668895670875855e+00,-3.367353912583026077e+00,-3.771142255435854462e+00,-1.509459123471991626e+00,-3.975264846945496089e+00
1.915797950375914070e+03,-3.230587343408168888e+00,6.747204597181353236e+00,-3.363794443476812557e+00,-3.777321219598541724e+00,-1.492862719911251634e+00,-3.976816996116437242e+00
1.394920918794155114e+03,-3.233475702189057888e+00,6.001499089929462905e+00,-3.363166301869833674e+00,-3.776147216407631291e+00,-1.510893817910006431e+00,-3.976576243051601622e+00
1.072014453511668535e+03,-3.234293596281068162e+00,5.485851664702090957e+00,-3.369343027671792168e+00,-3.781096154770999362e+00,-1.502232514450879464e+00,-3.977655383259865118e+00
1.398961134432915742e+03,-3.230750801146764495e+00,5.454119515457330536e+00,-3.365322921387127852e+00,-3.768213426422740930e+00,-1.499965342993275774e+00,-3.973089572194980157e+00
1.534619144149764224e+03,-3.227663266084402238e+00,1.629064848254331110e+01,-3.350519717515992646e+00,-3.749342869869894290e+00,-1.500620697242739388e+00,-3.951087574457988971e+00
1.345039794946379288e+03,-3.232911772990902932e+00,7.080392164251346543e+00,-3.361365629263160848e+00,-3.777815536731556900e+00,-1.509653958519129535e+00,-3.978737355857127067e+00
2.223475910558456235e+03,-3.229927458463468071e+00,5.673600214400261521e+00,-3.364108514280302220e+00,-3.776571505280136076e+00,-1.488842033029407430e+00,-3.978564580128245431e+00
1.713787168437881064e+03,-3.232167434881260792e+00,6.834468007604447060e+00,-3.367291098422328322e+00,-3.778746500665401520e+00,-1.517624483174767835e+00,-3.982889638128294774e+00
1.900258659457603926e+03,-3.227281864694345082e+00,1.001297162362136994e+01,-3.362517222209289169e+00,-3.757663874942313242e+00,-1.488735759367332045e+00,-3.963974944399197842e+00
1.287699811457814576e+03,-3.234333249917653585e+00,5.171174518024875155e+00,-3.371729965778312188e+00,-3.781479662480029980e+00,-1.502002254849716723e+00,-3.981498935130243222e+00
1.634536784754498740e+03,-3.229473409189591138e+00,7.746767298391334045e+00,-3.357240832710666201e+00,-3.763018977216641581e+00,-1.494155716133166223e+00,-3.964881308878579258e+00
1.310697962016913607e+03,-3.233940345945991890e+00,3.991796304427913444e+00,-3.374135748133040735e+00,-3.783125738532970406e+00,-1.507156527460362883e+00,-3.982614896395482162e+00
1.867626148529152260e+03,-3.232904205503004835e+00,5.419743020442171932e+00,-3.376076705698605629e+00,-3.777984428418669882e+00,-1.497839869751772301e+00,-3.983172877028101411e+00
2.510952792547195713e+03,-3.231083770614274542e+00,4.655527092797504096e+00,-3.368735824118379352e+00,-3.775508723444153780e+00,-1.501205202384152892e+00,-3.979901467735333043e+00
1.435323075181761851e+03,-3.233048895871613482e+00,5.276948348840745595e+00,-3.372002160474669719e+00,-3.779339681225019731e+00,-1.481721697670370652e+00,-3.981838821810011808e+00
9.051224690490166722e+02,-3.235457778619288405e+00,5.591625495517962285e+00,-3.370117735653733071e+00,-3.782121450891061443e+00,-1.517376511296592234e+00,-3.977859315267726181e+00
1.295935635644519152e+03,-3.232809157855006443e+00,4.832698259414088149e+00,-3.374646636640050268e+00,-3.771026914771484329e+00,-1.497645034704634615e+00,-3.971899968815791659e+00
1.428485787177705333e+03,-3.232911772990902932e+00,5.517583813946853155e+00,-3.369447717939622500e+00,-3.775933012316658122e+00,-1.518510097025394190e+00,-3.976712197723508702e+00
1.841209353968024743e+03,-3.230230157979385730e+00,6.670518569839845924e+00,-3.366893275404575281e+00,-3.765881897278687163e+00,-1.498353525785135698e+00,-3.975443287452374630e+00
1.478988482662213528e+03,-3.231198796430323483e+00,7.278718097031104506e+00,-3.362349717780761083e+00,-3.769202060688770395e+00,-1.508325537743189670e+00,-3.970829325774521745e+00
1.210314142684629587e+03,-3.233350687288983671e+00,5.083911107601781332e+00,-3.367437664797289454e+00,-3.781260103286782748e+00,-1.505332162928072259e+00,-3.981278008788394107e+00
1.430972073724635038e+03,-3.231961599210436464e+00,5.255793582677571685e+00,-3.371080886117767239e+00,-3.773440830104374033e+00,-1.499221427358749636e+00,-3.971817829534847633e+00
2.411501330670010702e+03,-3.230248319950340896e+00,4.449268122706556028e+00,-3.365636992190617516e+00,-3.769251492402072579e+00,-1.490294439744434651e+00,-3.973746686442531928e+00
1.693586090244077695e+03,-3.230950582827270434e+00,6.570033430564769183e+00,-3.366956089565273036e+00,-3.772546939955505607e+00,-1.501169777830127838e+00,-3.976091904532931487e+00
1.283038024182321578e+03,-3.232949005031360734e+00,7.225831181623169286e+00,-3.366348886011859776e+00,-3.777580736093374636e+00,-1.505013341941846772e+00,-3.977816829432755164e+00
1.578595337448582086e+03,-3.231041392682045821e+00,7.239052910475153091e+00,-3.357073328282139002e+00,-3.765642977331062902e+00,-1.477878133558651497e+00,-3.965957616697845189e+00
1.102160677893190496e+03,-3.230702369224217829e+00,6.956107913042698598e+00,-3.367395788690157765e+00,-3.773609721791487903e+00,-1.513037003428522542e+00,-3.964428126638888550e+00
1.237197115973306381e+03,-3.232953848223615534e+00,4.441335085395365923e+00,-3.371374018867690836e+00,-3.773457307342141132e+00,-1.514028890941224281e+00,-3.970546086874715108e+00
2.465888848884096205e+03,-3.229636866928186745e+00,7.447956226336499341e+00,-3.366244195744030332e+00,-3.771059869247018526e+00,-1.495431000078068395e+00,-3.973268012701858254e+00
1.498257203400918115e+03,-3.232970799396506667e+00,4.385803824217033409e+00,-3.372797806510175800e+00,-3.780839109861831915e+00,-1.513355824414748252e+00,-3.981082573947527514e+00
1.087553744429978678e+03,-3.234511842632044942e+00,4.626439289323140081e+00,-3.370515558671486112e+00,-3.781480074410974446e+00,-1.504659096401596008e+00,-3.980892803884656939e+00
1.120497041176796529e+03,-3.232506761038604903e+00,5.670955868629865115e+00,-3.361805328388046465e+00,-3.775545797229129974e+00,-1.500036192101325883e+00,-3.976040921530966887e+00
1.341310365125985072e+03,-3.233440589045211144e+00,6.763070671803733447e+00,-3.368296124993494178e+00,-3.777049345175383266e+00,-1.499770507946138087e+00,-3.976624393664569102e+00
1.392279239338042316e+03,-3.232836400811438970e+00,5.660378485548277716e+00,-3.369824602903809474e+00,-3.777436560262912302e+00,-1.506448036379861577e+00,-3.978536256238264457e+00
1.573933550173089088e+03,-3.231198796430323483e+00,5.993566052618271911e+00,-3.370431806457222734e+00,-3.771982594561980040e+00,-1.502391924943992318e+00,-3.975052417770641000e+00
1.103403821166655234e+03,-3.234737051071888025e+00,5.826972269083275258e+00,-3.367542355065119786e+00,-3.781386154155701451e+00,-1.508998604269665922e+00,-3.979131057927858706e+00
2.005925837702113085e+03,-3.231870789355661078e+00,1.164717730972657783e+01,-3.372002160474669719e+00,-3.780077037615100277e+00,-1.498264964400072952e+00,-3.982779174957370216e+00
1.360268300046323475e+03,-3.232691105043798974e+00,5.816394886001687858e+00,-3.372965310938703887e+00,-3.775014406311138604e+00,-1.513391248968773306e+00,-3.975094903605612018e+00
1.456611903739846639e+03,-3.232785244593249008e+00,7.246985947786342308e+00,-3.365804496619144714e+00,-3.776089546075446002e+00,-1.504977917387821718e+00,-3.978929958308995651e+00
1.476657589024466915e+03,-3.233525344909668586e+00,7.498198795974036379e+00,-3.369028956868302505e+00,-3.778223348366294143e+00,-1.504375699969395574e+00,-3.978179375224508263e+00
1.976401184957323949e+03,-3.232813092948713329e+00,1.110508642679523739e+01,-3.373321257849325239e+00,-3.773000063994102593e+00,-1.500514423580664447e+00,-3.978496602792291448e+00
1.266255589990546468e+03,-3.234897179115808541e+00,4.800966110169326839e+00,-3.373488762277852437e+00,-3.782832031769770342e+00,-1.518386111086306389e+00,-3.982988771743226852e+00
2.007479766793944464e+03,-3.228653093501453242e+00,1.149380525504356321e+01,-3.364820408101544480e+00,-3.765811869018176772e+00,-1.492597035756063617e+00,-3.972857316297138563e+00
1.819454346682390678e+03,-3.232696250935569449e+00,5.068045032979401121e+00,-3.366432638226123597e+00,-3.778112127011365562e+00,-1.502480486329054843e+00,-3.981765179696061807e+00
1.353897190769816007e+03,-3.233778704404491666e+00,5.094488490683368731e+00,-3.372651240135214668e+00,-3.781022007201046975e+00,-1.488523212043181720e+00,-3.981283673566390124e+00
1.116767611356402085e+03,-3.233490534465337962e+00,6.390217918177787837e+00,-3.365092602797902011e+00,-3.779253175726742242e+00,-1.500018479824313467e+00,-3.978380474843370873e+00
1.803915055764080535e+03,-3.231077716623956153e+00,8.233326920144339311e+00,-3.364171328440999975e+00,-3.767570814149821423e+00,-1.493783758315903043e+00,-3.971367479684154933e+00
1.187471385034713649e+03,-3.232851233087719045e+00,4.295896068023543179e+00,-3.365825434672710781e+00,-3.777523065761189791e+00,-1.519625970477183508e+00,-3.980872977161670434e+00
2.032342632263240830e+03,-3.229836648608692684e+00,7.035438286154602316e+00,-3.364799470047978858e+00,-3.775121508356625188e+00,-1.503118128301506040e+00,-3.977108732183238349e+00
2.534261728924660929e+03,-3.229061737847942926e+00,5.295458769233523988e+00,-3.363794443476812557e+00,-3.770211291502009399e+00,-1.493075267235401959e+00,-3.974599235530950292e+00
9.290529770632143709e+02,-3.234120149458447280e+00,7.252274639327136896e+00,-3.358162107067568680e+00,-3.779924623165753950e+00,-1.520281324726647121e+00,-3.974522761028002282e+00
1.381246342786042078e+03,-3.232112948968395294e+00,4.623794943552742787e+00,-3.367500478957988097e+00,-3.775760001320103143e+00,-1.502445061775030011e+00,-3.976052251086958922e+00
2.015249412253099763e+03,-3.230666045282307941e+00,6.942886184190714793e+00,-3.361156248727501517e+00,-3.772888842639174012e+00,-1.493748333761877989e+00,-3.976862314340406268e+00
1.347370688584125674e+03,-3.234962864910762459e+00,4.642305363945520291e+00,-3.374990020718532602e+00,-3.783246022368670136e+00,-1.510397874153655673e+00,-3.984450284466229952e+00
2.141117668691412291e+03,-3.230832530016062520e+00,6.847689736456429976e+00,-3.370704001153580265e+00,-3.773218387394517759e+00,-1.499309988743812161e+00,-3.978890304863023086e+00
2.069636930467185266e+03,-3.230811341049948382e+00,6.252711938117156087e+00,-3.368002992243570581e+00,-3.774046368592317791e+00,-1.508555797344352634e+00,-3.976791504615454720e+00
1.320643108204632199e+03,-3.233290450085315904e+00,3.967997192494342684e+00,-3.370641186992881622e+00,-3.781743710215248910e+00,-1.506129215393636089e+00,-3.980501934202923309e+00
1.409527852257366703e+03,-3.233551982467068875e+00,7.188810340837614277e+00,-3.367291098422328322e+00,-3.780476610630953971e+00,-1.504853931448733917e+00,-3.981861480921996321e+00
1.214665144141756628e+03,-3.233058582256122637e+00,6.511857823616039376e+00,-3.369049894921868571e+00,-3.774668384318028203e+00,-1.506926267859199919e+00,-3.978598568796221979e+00
1.367882552596295454e+03,-3.231171553473890512e+00,5.771441007904943632e+00,-3.357178018549968446e+00,-3.773173074990657572e+00,-1.502569047714117811e+00,-3.973831658112473519e+00
1.482873305391791064e+03,-3.234580252722642602e+00,2.875882389320474797e+00,-3.374793203015012288e+00,-3.782914829889550301e+00,-1.502923293254368131e+00,-3.984498435079197431e+00
1.320487715295449107e+03,-3.232956572519258831e+00,6.868844502619604775e+00,-3.364590089512318638e+00,-3.776019517814935611e+00,-1.499363125574849853e+00,-3.979267012599765785e+00
9.445922679815246283e+02,-3.235037328991678507e+00,6.646719457906274720e+00,-3.373800739275985450e+00,-3.782873224864188533e+00,-1.512009691361795749e+00,-3.977983940383641226e+00
2.583987459863254116e+03,-3.230287670887410201e+00,7.180877303526423283e+00,-3.366767647083178883e+00,-3.761956195380659285e+00,-1.490772671223773216e+00,-3.973970445173379051e+00
1.064555593870879648e+03,-3.231991869162027964e+00,7.027505248843411323e+00,-3.368882390493341372e+00,-3.769589275776299431e+00,-1.506111503116623673e+00,-3.970206200194946966e+00
1.426776465176691318e+03,-3.229812432647419129e+00,1.400593373692050037e+01,-3.365448549708523363e+00,-3.768172233328323184e+00,-1.500833244566889713e+00,-3.970914297444463781e+00
1.620551422928019747e+03,-3.232990777564557217e+00,4.967559893704323493e+00,-3.372169664903196917e+00,-3.779199624703998950e+00,-1.500762395458839826e+00,-3.978553250572252953e+00
1.662507508407457181e+03,-3.232913589187998316e+00,6.279155395821123697e+00,-3.373572514492116703e+00,-3.774643668461377555e+00,-1.502445061775030011e+00,-3.973978942340373077e+00
1.507269992133538153e+03,-3.233707872717766829e+00,5.861348764098432973e+00,-3.371248390546294882e+00,-3.779026613707443083e+00,-1.484449388330300046e+00,-3.980088405409205610e+00
3.561408858624967252e+03,-3.227115379960590502e+00,8.495117151413621670e+00,-3.362412531941459282e+00,-3.760572107408217679e+00,-1.505792682130397964e+00,-3.975120395106594540e+00
1.595688557458723380e+03,-3.231761817529930525e+00,6.376996189325804032e+00,-3.366956089565273036e+00,-3.777663122282210573e+00,-1.519254012659920328e+00,-3.977411797806031490e+00
3.194681592952845676e+03,-3.227965965600319898e+00,7.085680855792139354e+00,-3.366348886011859776e+00,-3.767776779621910599e+00,-1.499859069331200834e+00,-3.972695870124248518e+00
1.274646807086433910e+03,-3.233677300066659210e+00,4.626439289323140081e+00,-3.370578372832183867e+00,-3.781173597788505258e+00,-1.510504147815730835e+00,-3.979196202874814237e+00
1.508202349588636707e+03,-3.232394459518198815e+00,8.122264397787676060e+00,-3.366977027618838658e+00,-3.774532447106448974e+00,-1.508910042884603175e+00,-3.977094570238247861e+00
2.192397328721835947e+03,-3.229204006620424394e+00,6.281799741591520103e+00,-3.365867310779842470e+00,-3.769642826799042279e+00,-1.468083244370722795e+00,-3.976023927196977947e+00
2.389746323384375955e+03,-3.229222168591379116e+00,7.373914544765388435e+00,-3.362747540798514567e+00,-3.769684019893460469e+00,-1.493730621484865573e+00,-3.974570911640969317e+00
1.067508059145358629e+03,-3.234737051071888025e+00,3.851645978596884401e+00,-3.366893275404575281e+00,-3.781126225729924517e+00,-1.500992655060002567e+00,-3.974630391809928831e+00
1.414034246623676836e+03,-3.233775980108848369e+00,5.774085353675340038e+00,-3.368149558618533046e+00,-3.777086418960359460e+00,-1.509689383073154589e+00,-3.977539255310944544e+00
2.360221670639586591e+03,-3.230575235427532554e+00,7.252274639327136896e+00,-3.371478709135520280e+00,-3.774590117438634262e+00,-1.499469399236925016e+00,-3.982000267982901409e+00
1.308988640015899591e+03,-3.232691105043798974e+00,6.937597492649920206e+00,-3.365783558565578648e+00,-3.777786701565464256e+00,-1.501949118018679252e+00,-3.980241354415101629e+00
2.266985925129725274e+03,-3.228880118138392152e+00,6.755137634492544230e+00,-3.359585894710054532e+00,-3.772909439186383107e+00,-1.503153552855531094e+00,-3.977216362965164898e+00
2.809307178178752110e+03,-3.228653093501453242e+00,7.257563330867929707e+00,-3.358936815049509583e+00,-3.767546098293170331e+00,-1.505066478772884242e+00,-3.977403300639037020e+00
1.227718148513137066e+03,-3.233551982467068875e+00,3.526391448838081644e+00,-3.370976195849936907e+00,-3.778396359362849122e+00,-1.516207501013765224e+00,-3.979051751035912687e+00
2.748703943597342459e+03,-3.227185000849251306e+00,7.194099032378407088e+00,-3.362286903620063327e+00,-3.767863285120188532e+00,-1.489674510048996314e+00,-3.975270511723492550e+00
2.657022127179312065e+03,-3.227330296616892191e+00,1.343475505051479502e+01,-3.361114372620369828e+00,-3.766524509551606226e+00,-1.491126916764023536e+00,-3.971084240784348296e+00
1.370058053324858747e+03,-3.233953362025176137e+00,6.054386005337398124e+00,-3.371394956921256902e+00,-3.778816528925911911e+00,-1.498282676677085368e+00,-3.979700368116470433e+00
1.755743253917318498e+03,-3.231671007675155138e+00,7.075103472710553731e+00,-3.368589257743417775e+00,-3.774524208487565424e+00,-1.513656933123961101e+00,-3.974709698701874405e+00
2.503183147088040641e+03,-3.230115132163336789e+00,5.636579373614708288e+00,-3.366662956815349439e+00,-3.775240968330436875e+00,-1.500850956843902351e+00,-3.981011764222575966e+00
2.256108421486908355e+03,-3.230287670887410201e+00,6.689028990232624317e+00,-3.365343859440693919e+00,-3.770763278967209864e+00,-1.492774158526188888e+00,-3.976539421994626622e+00
3.098337989259322512e+03,-3.229948647429582209e+00,5.374789142345426818e+00,-3.365909186886975046e+00,-3.778322211792896734e+00,-1.500726970904814550e+00,-3.981694369971110259e+00
1.518302888685538164e+03,-3.231395551115669562e+00,7.281362442801501800e+00,-3.369845540957375540e+00,-3.768299931921018864e+00,-1.510309312768593148e+00,-3.970801001884541215e+00
1.289409133458828819e+03,-3.234015112726423613e+00,6.998417445369046419e+00,-3.367374850636591699e+00,-3.777263549266356435e+00,-1.516172076459740170e+00,-3.978590071629227509e+00
1.556840330162947794e+03,-3.233912800290043243e+00,4.988714659867497403e+00,-3.370222425921562515e+00,-3.779467379817714967e+00,-1.505792682130397964e+00,-3.979745686340439015e+00
1.622105352019850670e+03,-3.232982301978111650e+00,5.313969189626301493e+00,-3.370871505582107464e+00,-3.777873207063742189e+00,-1.519696819585233616e+00,-3.980923960163635478e+00
1.954646177671689657e+03,-3.230980852778861934e+00,9.296353919843843627e+00,-3.361951894763008042e+00,-3.766573941264907965e+00,-1.493907744254990844e+00,-3.969951285185120415e+00
1.237663294700855658e+03,-3.232203758823170681e+00,7.466466646729275958e+00,-3.364757593940846725e+00,-3.775924773697774128e+00,-1.512310800071008821e+00,-3.974369812022106707e+00
2.097607654120143707e+03,-3.231447010033376088e+00,6.726049831018178438e+00,-3.367647045332949673e+00,-3.775566393776339069e+00,-1.504818506894708863e+00,-3.977465613196994987e+00
2.798429674535934737e+03,-3.230538911485622222e+00,5.911591333735971787e+00,-3.364966974476506945e+00,-3.768151636781114089e+00,-1.467126781412046332e+00,-3.978652384187185032e+00
2.308942010609162480e+03,-3.230215023003589980e+00,7.477044029810863357e+00,-3.367751735600779117e+00,-3.769123793809376899e+00,-1.488080405117868432e+00,-3.976111731255918436e+00
1.766620757560135871e+03,-3.232067544041007601e+00,4.771878306694961935e+00,-3.368358939154191933e+00,-3.776373778426930006e+00,-1.497857582028784940e+00,-3.980391471031998751e+00
1.235487793972292366e+03,-3.234270591117858196e+00,5.549315963191613577e+00,-3.375888263216511476e+00,-3.779854594905243115e+00,-1.519537409092120761e+00,-3.980210198136122202e+00
1.391968453519676132e+03,-3.232918735079769235e+00,7.455889263647688558e+00,-3.369908355118073295e+00,-3.776962839677105777e+00,-1.506784569643099703e+00,-3.977898968713698746e+00
1.785267906662108089e+03,-3.231350146188282313e+00,6.260644975428345305e+00,-3.369301151564660479e+00,-3.761770826455779204e+00,-1.502391924943992318e+00,-3.964711365538695187e+00
1.462361441379621510e+03,-3.231649818709041000e+00,6.969329641894682403e+00,-3.366327947958294153e+00,-3.774079323067851988e+00,-1.503543222949806690e+00,-3.976530924827632152e+00
1.566163904713934016e+03,-3.233674878470532033e+00,5.382722179656617811e+00,-3.371039010010635550e+00,-3.780328315491049640e+00,-1.497946143413847464e+00,-3.980513263758915787e+00
1.442471149004184326e+03,-3.233758423536924997e+00,5.710621055185817418e+00,-3.370578372832183867e+00,-3.778161558724666858e+00,-1.495838382449356407e+00,-3.981229858175427072e+00
1.374098268963619603e+03,-3.233537755589821039e+00,5.001936388719481208e+00,-3.367270160368762255e+00,-3.778964824065816686e+00,-1.516597171108041042e+00,-3.980482107479937248e+00
1.320176929477082922e+03,-3.233303768864016270e+00,5.208195358810430164e+00,-3.369154585189698903e+00,-3.777383009240169010e+00,-1.480464126002480896e+00,-3.976879308674394764e+00
2.170642321436202110e+03,-3.231020203715931238e+00,4.800966110169326839e+00,-3.362454408048591414e+00,-3.777428321644028308e+00,-1.492721021695151196e+00,-3.982835822737331277e+00
2.590203176230578265e+03,-3.229064764843101454e+00,5.848127035246449168e+00,-3.361742514227348710e+00,-3.772443957219461019e+00,-1.506518885487911907e+00,-3.980105399743193662e+00
1.660953579315626257e+03,-3.230902150904723769e+00,5.078622416060988520e+00,-3.375710289761201022e+00,-3.767756183074701948e+00,-1.505526997975209946e+00,-3.969441455165468646e+00
1.345505973673928565e+03,-3.234250007550775852e+00,3.452349767266971181e+00,-3.370117735653733071e+00,-3.782785483573078089e+00,-1.518952903950707478e+00,-3.979357649047703838e+00
2.361775599731417515e+03,-3.230750801146764495e+00,6.696962027543813534e+00,-3.360946868191841741e+00,-3.774960855288395312e+00,-1.486468587909728356e+00,-3.974426459802067768e+00
1.066264915871893891e+03,-3.234316601444277683e+00,6.332042311229059806e+00,-3.362496284155723103e+00,-3.780114111400076471e+00,-1.492225077938800437e+00,-3.976567745884607152e+00
1.284281167455786317e+03,-3.233070387537243739e+00,4.689903587812661812e+00,-3.365909186886975046e+00,-3.778256302841828340e+00,-1.502250226727892102e+00,-3.978187872391501845e+00
8.785502815787060626e+02,-3.235457778619288405e+00,7.046015669236187939e+00,-3.366244195744030332e+00,-3.781828979920694334e+00,-1.507811881709826274e+00,-3.977100235016243879e+00
9.007714675918897456e+02,-3.233072809133370917e+00,7.521997907907607583e+00,-3.360318726584862858e+00,-3.767274223870012317e+00,-1.494917344044704999e+00,-3.957998603613274380e+00
1.075899276241246071e+03,-3.234785180294918572e+00,5.874570492950416778e+00,-3.373941024234877073e+00,-3.782333595327313613e+00,-1.506270913609736528e+00,-3.981008931833577513e+00
2.526492083465505857e+03,-3.230726585185491384e+00,5.181751901106462554e+00,-3.368840514386209684e+00,-3.773655034195347202e+00,-1.481349739853107472e+00,-3.976499768548653613e+00
1.427864215540972737e+03,-3.234701029829493368e+00,5.747641895971372428e+00,-3.370829629474975775e+00,-3.779483857055482066e+00,-1.511336624835319720e+00,-3.976338322375764012e+00
1.478056125207114974e+03,-3.232490112565229001e+00,6.191891985398029874e+00,-3.364569151458753016e+00,-3.770227768739776497e+00,-1.506589734595961794e+00,-3.968421795126164220e+00
2.860586838209175767e+03,-3.228356447975853971e+00,8.228038228603546500e+00,-3.368735824118379352e+00,-3.770268961834194688e+00,-1.497574185596584284e+00,-3.974066746399313566e+00
2.187735541446343177e+03,-3.230081835216586317e+00,6.173381565005253258e+00,-3.364422585083791439e+00,-3.773646795576463653e+00,-1.503277538794618895e+00,-3.976867979118402729e+00
1.337114756578041124e+03,-3.233348568392372169e+00,3.264601217568800617e+00,-3.367835487815043383e+00,-3.780793797457971728e+00,-1.502427349498017373e+00,-3.979289671711750298e+00
2.004371908610282162e+03,-3.232678694363646077e+00,5.001936388719481208e+00,-3.375976203041489043e+00,-3.776942243129897125e+00,-1.503808907104994708e+00,-3.981513097075233709e+00
1.570825691989427014e+03,-3.233201759127152020e+00,5.943323482980733985e+00,-3.369426779886056433e+00,-3.779871072143010657e+00,-1.509335137532903826e+00,-3.979598402112539901e+00
2.231245556017611307e+03,-3.228005316537389202e+00,7.403002348239752450e+00,-3.362956921334173899e+00,-3.763723379131187929e+00,-1.491516586858299354e+00,-3.971225860234251392e+00
1.217151430688686105e+03,-3.234549074672503188e+00,6.435171796274533840e+00,-3.373522263163558410e+00,-3.782192303013460322e+00,-1.473556337967594443e+00,-3.979391637715681274e+00
1.358558978045309232e+03,-3.233264115227431290e+00,5.184396246876858960e+00,-3.363040673548438164e+00,-3.775146224213275836e+00,-1.501240626938177947e+00,-3.975896469692065338e+00
1.299509672555730276e+03,-3.232746196355695822e+00,6.712828102166194633e+00,-3.362035646977271419e+00,-3.775183297998252030e+00,-1.519271724936932966e+00,-3.975947452694030826e+00
1.379226234966661877e+03,-3.234364427967792999e+00,4.462489851558539833e+00,-3.372085912688933540e+00,-3.781071850845292737e+00,-1.510433298707680727e+00,-3.983022760411203844e+00
1.187160599216347464e+03,-3.231023230711090655e+00,5.604847224369946090e+00,-3.370515558671486112e+00,-3.770120666694289913e+00,-1.507138815183350244e+00,-3.966099236147748730e+00
1.534152965422214947e+03,-3.232528252704234717e+00,5.364211759263839419e+00,-3.367730797547213051e+00,-3.779628032885944844e+00,-1.505757257576372909e+00,-3.978496602792291448e+00
2.226583768742118536e+03,-3.230950582827270434e+00,7.334249358209437020e+00,-3.367039841779536413e+00,-3.775442814493084942e+00,-1.501400037431290801e+00,-3.978490938014295430e+00
1.033321619125076040e+03,-3.234681657060475057e+00,5.020446809112259601e+00,-3.371709027724746122e+00,-3.777255310647473330e+00,-1.497981567967872518e+00,-3.974012931008350069e+00
1.772836473927460020e+03,-3.231671007675155138e+00,6.958752258813095004e+00,-3.368903328546907439e+00,-3.776752754895574604e+00,-1.515800118642477212e+00,-3.976899135397381269e+00
2.301172365150007408e+03,-3.231770898515408330e+00,6.250067592346759682e+00,-3.373070001206533330e+00,-3.775702330987917854e+00,-1.501984542572704084e+00,-3.981561247688200744e+00
1.276822307814997430e+03,-3.232535820192132814e+00,4.322339525727510789e+00,-3.367270160368762255e+00,-3.774660145699144653e+00,-1.481739409947383068e+00,-3.975355483393434142e+00
1.327791182027054901e+03,-3.235192250603925235e+00,5.361567413493443013e+00,-3.372714054295912423e+00,-3.782299816989891372e+00,-1.506678295981024318e+00,-3.981872810477988356e+00
1.153129552105247967e+03,-3.233481756179376276e+00,5.353634376182252019e+00,-3.364736655887281103e+00,-3.775788836486195343e+00,-1.506837706474137173e+00,-3.974004433841355599e+00
1.077763991151443406e+03,-3.232203758823170681e+00,6.268578012739536298e+00,-3.352446018444061426e+00,-3.769939417078851829e+00,-1.515605283595339303e+00,-3.961454118190917306e+00
1.327791182027054901e+03,-3.232902389305909452e+00,6.625564691743101697e+00,-3.369657098475281387e+00,-3.776942243129897125e+00,-1.498867181818499095e+00,-3.979737189173445433e+00
1.335250041667844016e+03,-3.233388827427989387e+00,6.363774460473820227e+00,-3.365008850583638633e+00,-3.776662130087855118e+00,-1.478816884240315765e+00,-3.979638055558512910e+00
2.322927372435642155e+03,-3.229512760126660442e+00,7.318383283587056809e+00,-3.355230779568334487e+00,-3.760654493597053616e+00,-1.498353525785135698e+00,-3.966155883927709791e+00
1.774390403019290943e+03,-3.231298687270576231e+00,5.938034791439939397e+00,-3.368840514386209684e+00,-3.776999913462081970e+00,-1.513462098076823192e+00,-3.980060081519225079e+00
1.643860359305485190e+03,-3.232942951041042345e+00,8.257126032077911404e+00,-3.368777700225511929e+00,-3.777280026504123533e+00,-1.507280513399450461e+00,-3.979453950273638352e+00
1.637644642938161041e+03,-3.230593397398487276e+00,8.503050188724811775e+00,-3.362977859387739965e+00,-3.768946663503379924e+00,-1.494616235335491927e+00,-3.972845986741146085e+00
1.623659281111681594e+03,-3.232889373226724761e+00,5.094488490683368731e+00,-3.368987080761170816e+00,-3.778285138007920541e+00,-1.506819994197124757e+00,-3.981881307644982382e+00
1.779052190294783941e+03,-3.230572208432373138e+00,7.519353562137211178e+00,-3.359941841620675884e+00,-3.770956886510973938e+00,-1.488416938381106780e+00,-3.974848485762780381e+00
1.970185468590000028e+03,-3.230215023003589980e+00,6.062319042648589118e+00,-3.365867310779842470e+00,-3.765642977331062902e+00,-1.503118128301506040e+00,-3.969979609075101834e+00
2.363329528823248438e+03,-3.230487452567916140e+00,8.508338880265604587e+00,-3.365176355012165832e+00,-3.776423210140231301e+00,-1.498530648555260969e+00,-3.975788838910138789e+00
1.352654047496351268e+03,-3.231770898515408330e+00,7.484977067122052574e+00,-3.366244195744030332e+00,-3.765058035390328239e+00,-1.498034704798909988e+00,-3.963351818819622618e+00
2.161318746885215660e+03,-3.230702369224217829e+00,7.215253798541581887e+00,-3.368610195796983842e+00,-3.774956735978953315e+00,-1.500868669120914767e+00,-3.980436789255967778e+00
1.738650033907177431e+03,-3.231985815171710019e+00,5.845482689476052762e+00,-3.372148726849631295e+00,-3.773531454912093519e+00,-1.515286462609113816e+00,-3.976655549943547641e+00
1.211401893048911234e+03,-3.234261207432864715e+00,5.977699977995890812e+00,-3.369929293171639362e+00,-3.781611892313112122e+00,-1.515321887163138870e+00,-3.978320994674411359e+00
2.355559883364093366e+03,-3.230109078173018844e+00,7.135923425429679057e+00,-3.372734992349478045e+00,-3.768950782812821476e+00,-1.494527673950429181e+00,-3.971112564674328826e+00
2.072744788650847568e+03,-3.229969836395696792e+00,1.159693474008903813e+01,-3.361721576173782200e+00,-3.769230895854863483e+00,-1.496157203435582117e+00,-3.975635889904242770e+00
2.318265585160148930e+03,-3.229331140417109669e+00,9.386261676037333856e+00,-3.360088407995637017e+00,-3.759859466874787781e+00,-1.482536462412946898e+00,-3.972115230379644313e+00
1.349701582221872286e+03,-3.232615127465303217e+00,6.213046751561204672e+00,-3.365448549708523363e+00,-3.779813401810825813e+00,-1.519856230078346471e+00,-3.980909798218645435e+00
1.282727238363955166e+03,-3.233519896318381992e+00,5.570470729354788375e+00,-3.364862284208676613e+00,-3.777646645044443474e+00,-1.500160178040413683e+00,-3.977156882796205828e+00
1.343485865854548138e+03,-3.232486782870553910e+00,6.152226798842078459e+00,-3.362496284155723103e+00,-3.778944227518607590e+00,-1.509317425255891409e+00,-3.977360814804066447e+00
1.229893649241700587e+03,-3.234154354503746109e+00,6.607054271350323305e+00,-3.367605169225817541e+00,-3.780464252702628869e+00,-1.496334326205707388e+00,-3.979912797291325521e+00
1.678046799325767552e+03,-3.232553679463571861e+00,5.271659657299951895e+00,-3.371646213564048367e+00,-3.774116396852828181e+00,-1.497273076887371435e+00,-3.978949785031982156e+00
1.569271762897595863e+03,-3.232706240019594279e+00,6.842401044915636277e+00,-3.365636992190617516e+00,-3.773914550690180114e+00,-1.517217100803479601e+00,-3.976927459287361799e+00
1.228184327240686571e+03,-3.232872119354317508e+00,6.829179316063652472e+00,-3.363396620459059516e+00,-3.778544654502753897e+00,-1.506766857366087287e+00,-3.980875809550668443e+00
2.423932763404658544e+03,-3.230696315233899440e+00,8.492472805643224376e+00,-3.369531470153886321e+00,-3.770450211449633660e+00,-1.491605148243361878e+00,-3.976386472988731047e+00
1.491264522487678505e+03,-3.232858800575617142e+00,4.941116436000355883e+00,-3.371646213564048367e+00,-3.778511700027219700e+00,-1.506483460933886631e+00,-3.977357982415068438e+00
1.460652119378607495e+03,-3.232666283683493180e+00,5.427676057753362038e+00,-3.367688921440081362e+00,-3.779710419074781225e+00,-1.513816343617073956e+00,-3.981649051747141232e+00
1.643860359305485190e+03,-3.232112948968395294e+00,4.708414008205439316e+00,-3.372965310938703887e+00,-3.771966117324212941e+00,-1.499256851912774691e+00,-3.977417462584027508e+00
1.853640786702673267e+03,-3.228995143954440650e+00,9.962729053983830241e+00,-3.361993770870139731e+00,-3.764242412120854198e+00,-1.504747657786658754e+00,-3.970347819644850063e+00
1.103248428257472142e+03,-3.234701029829493368e+00,6.821246278752463255e+00,-3.365385735547825607e+00,-3.779858714214685111e+00,-1.503950605321094924e+00,-3.977782840764778616e+00
1.368504124233027824e+03,-3.235177509137499907e+00,4.806254801710120539e+00,-3.377435585375036187e+00,-3.783614700563711075e+00,-1.496157203435582117e+00,-3.983538255208852519e+00
1.895596872182110701e+03,-3.230084862211745289e+00,7.511420524826020184e+00,-3.365616054137051449e+00,-3.766648088834859909e+00,-1.506731432812062232e+00,-3.974211198238214671e+00
1.353586404951449822e+03,-3.231147337512617401e+00,6.575322122105562883e+00,-3.354477009639960094e+00,-3.773914550690180114e+00,-1.484963044363663442e+00,-3.972879975409123077e+00
9.818865661854690643e+02,-3.232881200339794869e+00,6.625564691743101697e+00,-3.360088407995637017e+00,-3.775821790961729540e+00,-1.514879080237825582e+00,-3.970376143534830593e+00
1.827223992141545750e+03,-3.228910388089983652e+00,6.704895064855004527e+00,-3.358183045121134747e+00,-3.764567837566755060e+00,-1.483209528939422928e+00,-3.969866313515178824e+00
1.040625085856681835e+03,-3.233766293724338770e+00,6.641430766365481908e+00,-3.364820408101544480e+00,-3.779891668690219309e+00,-1.506430324102848939e+00,-3.979184873318821758e+00
2.206382690548315168e+03,-3.229037521886668927e+00,7.165011228904043072e+00,-3.359250885852999247e+00,-3.768909589718403730e+00,-1.495466424632093450e+00,-3.971225860234251392e+00
2.366437387006910740e+03,-3.228640985520816908e+00,8.230682574373943794e+00,-3.362663788584250302e+00,-3.769585156466857434e+00,-1.496812557685045730e+00,-3.978032090996608261e+00
1.012498969294540416e+03,-3.234016323524487202e+00,5.173818863795272449e+00,-3.373195629527928840e+00,-3.779887549380778200e+00,-1.516207501013765224e+00,-3.979040421479920209e+00
1.407973923165535780e+03,-3.232946583435233112e+00,3.994440650198310738e+00,-3.374485413627592578e+00,-3.777564258855607537e+00,-1.510256175937555456e+00,-3.980111064521190123e+00
2.532707799832830005e+03,-3.229406815296089306e+00,7.672725616820223138e+00,-3.363103487709135919e+00,-3.772007310418630688e+00,-1.504039166706157449e+00,-3.974738022591855824e+00
1.321109286932181476e+03,-3.233009544934544621e+00,5.901013950654384388e+00,-3.365092602797902011e+00,-3.775492246206386682e+00,-1.504747657786658754e+00,-3.975052417770641000e+00
2.363329528823248438e+03,-3.230538911485622222e+00,4.988714659867497403e+00,-3.365678868297749204e+00,-3.776583863208461178e+00,-1.518031865546055847e+00,-3.978340821397397864e+00
2.773566809066638598e+03,-3.229582381015321246e+00,6.189247639627633468e+00,-3.367626107279383607e+00,-3.763076647548826870e+00,-1.483315802601498312e+00,-3.971622394693980596e+00
1.185917455942882725e+03,-3.232472858692821749e+00,4.790388727087739440e+00,-3.364548213405186949e+00,-3.774688980865236854e+00,-1.500602984965726971e+00,-3.976641387998557153e+00
1.946876532212534585e+03,-3.227965965600319898e+00,6.316176236606679595e+00,-3.364736655887281103e+00,-3.755822543621832210e+00,-1.498725483602398656e+00,-3.967373811196878819e+00
1.685816444784922624e+03,-3.231873816350820494e+00,5.747641895971372428e+00,-3.367961116136438893e+00,-3.777024629318733062e+00,-1.485087030302751243e+00,-3.979136722705855167e+00
1.139921154824684209e+03,-3.234106527980230794e+00,5.652445448237088499e+00,-3.366369824065425842e+00,-3.780278883777747900e+00,-1.512487922841134314e+00,-3.976666879499539675e+00
1.541456432153820742e+03,-3.232140191924827821e+00,5.565182037813994675e+00,-3.363961947905339755e+00,-3.772831172306989167e+00,-1.504393412246408213e+00,-3.974899468764745425e+00
1.869180077620983411e+03,-3.232131110939350460e+00,2.976367528595551981e+00,-3.368421753314889688e+00,-3.777642525735001477e+00,-1.497839869751772301e+00,-3.980776675935735920e+00
1.175972309755164133e+03,-3.233928540664870788e+00,5.226705779203207669e+00,-3.366537328493953929e+00,-3.780707291959694238e+00,-1.503242114240593841e+00,-3.977043587236282818e+00
1.810130772131404456e+03,-3.231946464234640271e+00,6.363774460473820227e+00,-3.365113540851468077e+00,-3.778659995167124031e+00,-1.494651659889516981e+00,-3.979210364819804724e+00
1.287389025639448164e+03,-3.232900270409297949e+00,6.067607734189381929e+00,-3.364485399244489194e+00,-3.777403605787377217e+00,-1.517163963972441909e+00,-3.975287506057480602e+00
1.378293877511563323e+03,-3.232261271731195151e+00,7.675369962590621320e+00,-3.363396620459059516e+00,-3.776509715638508791e+00,-1.512257663239971350e+00,-3.972942287967080155e+00
1.620551422928019747e+03,-3.230451128626005808e+00,8.336456405189814234e+00,-3.363878195691076378e+00,-3.767027065303504951e+00,-1.499859069331200834e+00,-3.970092904635023956e+00
9.626178454467644769e+02,-3.234616879364068165e+00,6.596476888268737682e+00,-3.360130284102769149e+00,-3.778033860131972066e+00,-1.499664234284062925e+00,-3.978244520171463350e+00
1.799253268488587310e+03,-3.232040301084575074e+00,6.083473808811762140e+00,-3.369196461296830591e+00,-3.777934996705368587e+00,-1.512877592935409687e+00,-3.980227192470111142e+00
1.595688557458723380e+03,-3.229137412726922118e+00,9.050429763196943256e+00,-3.357052390228572936e+00,-3.767867404429630085e+00,-1.498052417075922627e+00,-3.966694037837342535e+00
2.113146945038453850e+03,-3.229866918560284184e+00,8.072021828150136358e+00,-3.360234974370599481e+00,-3.770367825260797723e+00,-1.490719534392735524e+00,-3.976063580642950956e+00
2.439472054322968688e+03,-3.228998170949600066e+00,6.678451607151036917e+00,-3.362684726637816368e+00,-3.768542971178084233e+00,-1.498583785386298661e+00,-3.970404467424812012e+00
1.515816602138608687e+03,-3.233584371315272321e+00,5.205551013040033759e+00,-3.373405010063589060e+00,-3.777902042229834390e+00,-1.494350551180304132e+00,-3.980193203802134150e+00
1.283970381637420132e+03,-3.234611430772782015e+00,4.478355926180920044e+00,-3.373237505635061417e+00,-3.781984277886650148e+00,-1.508148414973064400e+00,-3.980156382745159149e+00
1.430195109178719576e+03,-3.232188623847374487e+00,5.792595774068116654e+00,-3.364527275351620883e+00,-3.776616817683995375e+00,-1.497326213718408905e+00,-3.976935956454356269e+00
2.260770208762401126e+03,-3.231283552294780037e+00,6.958752258813095004e+00,-3.363773505423246934e+00,-3.775657018584057667e+00,-1.491959393783612642e+00,-3.978533423849266448e+00
2.172196250528033033e+03,-3.230947555832111462e+00,4.927894707148372078e+00,-3.366432638226123597e+00,-3.776307869475861168e+00,-1.499274564189787107e+00,-3.979068745369901183e+00
1.273092877994602986e+03,-3.233208418516502203e+00,6.514502169386435781e+00,-3.366139505476200000e+00,-3.776748635586133052e+00,-1.508768344668502959e+00,-3.974086573122300070e+00
2.072744788650847568e+03,-3.227760129929495569e+00,6.958752258813095004e+00,-3.358790248674547563e+00,-3.768823084220125796e+00,-1.503472373841756804e+00,-3.974423627413069759e+00
2.520276367098182163e+03,-3.230320967834161117e+00,7.069814781169759144e+00,-3.362580036369986924e+00,-3.772897081258058005e+00,-1.478196954544877206e+00,-3.977431624529017995e+00
1.520478389414101684e+03,-3.232267325721513540e+00,7.693880382983397936e+00,-3.367751735600779117e+00,-3.772242111056812952e+00,-1.512771319273334747e+00,-3.972789338961185024e+00
1.214509751232573308e+03,-3.232638435328028859e+00,6.551523010171990791e+00,-3.372923434831572198e+00,-3.777436560262912302e+00,-1.508006716756964183e+00,-3.980235689637105168e+00
1.367571766777929270e+03,-3.232968377800379489e+00,6.075540771500572923e+00,-3.366935151511706970e+00,-3.778408717291174668e+00,-1.517589058620742781e+00,-3.973282174646848741e+00
2.716071432668890793e+03,-3.228656120496612658e+00,8.370832900204973726e+00,-3.364338832869528062e+00,-3.769185583451003296e+00,-1.500815532289877297e+00,-3.973964780395382590e+00
9.929194627374695301e+02,-3.235457778619288405e+00,5.202906667269636465e+00,-3.363878195691076378e+00,-3.779632152195386841e+00,-1.507174239737375299e+00,-3.974978775656691443e+00
2.207936619640146091e+03,-3.230887015928928019e+00,6.866200156849208369e+00,-3.363208177976965807e+00,-3.774581878819750269e+00,-1.501152065553115200e+00,-3.977816829432755164e+00
1.884719368539293555e+03,-3.230411777688936503e+00,7.765277718784110661e+00,-3.364904160315808301e+00,-3.776114261932097094e+00,-1.509600821688091843e+00,-3.979844819955371982e+00
1.848978999427180042e+03,-3.230054592260153346e+00,6.258000629657948899e+00,-3.360109346049203083e+00,-3.759295121481262214e+00,-1.495289301861968179e+00,-3.968025260666434573e+00
1.428485787177705333e+03,-3.232633289436258384e+00,6.218335443101997484e+00,-3.364736655887281103e+00,-3.778754739284285513e+00,-1.488452362935131612e+00,-3.977239022077149411e+00
1.643860359305485190e+03,-3.231150364507776374e+00,5.586336803977169474e+00,-3.365427611654957740e+00,-3.773152478443448476e+00,-1.515091627561975907e+00,-3.978054750108592774e+00
1.367260980959562858e+03,-3.233490837164853637e+00,5.102421527994558836e+00,-3.368610195796983842e+00,-3.780645502318067841e+00,-1.483794034080836433e+00,-3.981722693861090789e+00
1.648522146580978188e+03,-3.229222168591379116e+00,1.031442704144660283e+01,-3.358790248674547563e+00,-3.762780057269018208e+00,-1.493128404066439430e+00,-3.969724694065275283e+00
1.527315677418158430e+03,-3.233674878470532033e+00,4.290607376482749480e+00,-3.367626107279383607e+00,-3.780460133393186872e+00,-1.515676132703389412e+00,-3.980026092851248087e+00
1.306036174741420609e+03,-3.233077349626110042e+00,6.049097313796605313e+00,-3.363878195691076378e+00,-3.780435417536535780e+00,-1.515392736271188978e+00,-3.977978275605644765e+00
1.735542175723515356e+03,-3.230263454926137090e+00,7.683302999901810537e+00,-3.355691416746785727e+00,-3.768299931921018864e+00,-1.488275240165006341e+00,-3.970885973554483250e+00
2.657022127179312065e+03,-3.229464328204113777e+00,6.585899505187150282e+00,-3.363145363816268052e+00,-3.768073369901719705e+00,-1.501081216445065092e+00,-3.971965113762747190e+00
1.688924302968584698e+03,-3.228774173307820572e+00,8.246548648996324005e+00,-3.359879027459978129e+00,-3.753206782126294883e+00,-1.490861232608835740e+00,-3.959556417562211550e+00
2.063421214099861118e+03,-3.230871880953131825e+00,5.250504891136777985e+00,-3.364757593940846725e+00,-3.770619103136747086e+00,-1.503082703747480986e+00,-3.978170878057513793e+00
1.591026770183230155e+03,-3.232091760002281156e+00,6.654652495217465713e+00,-3.371541523296218035e+00,-3.776612698374553378e+00,-1.493978593363040952e+00,-3.979847652344369990e+00
1.424134785720578520e+03,-3.227817642837520040e+00,9.722093588877724457e+00,-3.348719044909320264e+00,-3.746393444309571663e+00,-1.489426538170820713e+00,-3.960349486481670844e+00
1.310076390380181238e+03,-3.232131110939350460e+00,5.538738580110026177e+00,-3.366746709029612816e+00,-3.780744365744670432e+00,-1.509671670796141951e+00,-3.979986439405275078e+00
1.291740027096575204e+03,-3.234646543916628758e+00,4.766589615154169124e+00,-3.374684325136469099e+00,-3.782360370838685260e+00,-1.518580946133444298e+00,-3.980181874246141671e+00
1.337736328214773494e+03,-3.232013058128142546e+00,7.720323840687366435e+00,-3.365029788637204256e+00,-3.772481031004437213e+00,-1.499557960621987540e+00,-3.976394970155725073e+00
1.381246342786042078e+03,-3.232572446833558821e+00,7.873695895370378395e+00,-3.368484567475588332e+00,-3.777634287116117928e+00,-1.496405175313757496e+00,-3.980555749593886805e+00
1.526849498690609153e+03,-3.232432902356720650e+00,6.551523010171990791e+00,-3.369636160421715765e+00,-3.777926758086485481e+00,-1.509051741100703392e+00,-3.980510431369917779e+00
1.298421922191448630e+03,-3.233551982467068875e+00,6.101984229204540533e+00,-3.370494620617920489e+00,-3.781359790575273827e+00,-1.509777944458217114e+00,-3.979105566426876184e+00
1.185140491396967036e+03,-3.234600533590208826e+00,5.499073393554074762e+00,-3.371248390546294882e+00,-3.781847104882237964e+00,-1.500744683181827188e+00,-3.978524926682272422e+00
2.501629217996209718e+03,-3.229258492533289004e+00,8.466029347939256766e+00,-3.363082549655570297e+00,-3.765144540888606617e+00,-1.486681135233878681e+00,-3.972132224713633253e+00
3.199343380228338901e+03,-3.227608780171536740e+00,6.942886184190714793e+00,-3.363438496566191205e+00,-3.768032176807301958e+00,-1.486433163355703302e+00,-3.975511264788328170e+00
2.018357270436761610e+03,-3.232140191924827821e+00,7.397713656698959639e+00,-3.371185576385597127e+00,-3.778907153733631397e+00,-1.503188977409556371e+00,-3.981765179696061807e+00
2.927405789157910021e+03,-3.230629721340397609e+00,3.095363088263407114e+00,-3.370536496725052178e+00,-3.778783574450377714e+00,-1.514843655683800527e+00,-3.984438954910237918e+00
1.461584476833706049e+03,-3.233701516027932765e+00,6.202469368479617273e+00,-3.369950231225204984e+00,-3.780612547842532756e+00,-1.517571346343730143e+00,-3.980844653271689904e+00
1.336493184941308755e+03,-3.231498468951082170e+00,6.149582453071682053e+00,-3.357429275192760354e+00,-3.771636572568869195e+00,-1.490542411622610031e+00,-3.971848985813826172e+00
1.289875312186378096e+03,-3.233476912987121477e+00,5.982988669536685400e+00,-3.369678036528847453e+00,-3.780707291959694238e+00,-1.507776457155801220e+00,-3.981714196694096319e+00
1.555286401071116870e+03,-3.232285487692468706e+00,4.687259242042265406e+00,-3.368463629422022265e+00,-3.775702330987917854e+00,-1.488806608475382376e+00,-3.976519595271640117e+00
3.901719329735961310e+03,-3.227511916326442964e+00,5.721198438267404818e+00,-3.366034815208370556e+00,-3.767496666579869036e+00,-1.491994818337637696e+00,-3.979051751035912687e+00
1.500743489947847820e+03,-3.233107922277217661e+00,4.544464570440839069e+00,-3.369908355118073295e+00,-3.779174908847347858e+00,-1.473857446676807514e+00,-3.978349318564391890e+00
1.967077610406337726e+03,-3.231165499483572123e+00,4.602640177389568876e+00,-3.370599310885749933e+00,-3.772283304151231142e+00,-1.487123942159191969e+00,-3.977938622159671755e+00
1.097809676436063683e+03,-3.233481756179376276e+00,4.589418448537585071e+00,-3.364862284208676613e+00,-3.780727888506903334e+00,-1.504092303537195363e+00,-3.977876309601714677e+00
1.297489564736350076e+03,-3.234167673282446032e+00,5.959189557603114196e+00,-3.373597640156396071e+00,-3.782360782769629282e+00,-1.512594196503209254e+00,-3.980756849212749415e+00
1.187160599216347464e+03,-3.232854562782394137e+00,5.626001990533120889e+00,-3.366495452386821352e+00,-3.774524208487565424e+00,-1.502905580977355715e+00,-3.975443287452374630e+00
1.486602735212185507e+03,-3.232710175113301165e+00,5.395943908508601616e+00,-3.369343027671792168e+00,-3.779483857055482066e+00,-1.505881243515460710e+00,-3.980374476698010699e+00
1.311008747835280019e+03,-3.231819330437954996e+00,5.610135915910740678e+00,-3.366997965672404725e+00,-3.777523065761189791e+00,-1.493783758315903043e+00,-3.976717862501505163e+00
2.165980534160708885e+03,-3.229588435005639635e+00,6.480125674371278954e+00,-3.365532301922787184e+00,-3.770940409273206839e+00,-1.501789707525566397e+00,-3.977805499876762685e+00
2.276309499680711269e+03,-3.230078808221426900e+00,5.197617975728842765e+00,-3.370913381689239152e+00,-3.776723919729481960e+00,-1.516012665966627537e+00,-3.982382640497640569e+00
1.755743253917318498e+03,-3.230941501841793073e+00,8.624690094163062426e+00,-3.362412531941459282e+00,-3.769688139202902466e+00,-1.497963855690860102e+00,-3.970999269114405816e+00
1.169911986297023077e+03,-3.234376838647945451e+00,6.321464928147472406e+00,-3.374500070265088691e+00,-3.779273772273950893e+00,-1.504216289476282942e+00,-3.977969778438651183e+00
1.360112907137140155e+03,-3.233376416747836934e+00,5.242571853825587880e+00,-3.365678868297749204e+00,-3.778540535193311900e+00,-1.511885705422708170e+00,-3.979519095220593883e+00
1.651630004764640262e+03,-3.230093943197222650e+00,1.239817150851925831e+01,-3.362349717780761083e+00,-3.746607648400544832e+00,-1.481703985393358014e+00,-3.959131559212501372e+00
1.740203962999008354e+03,-3.231404632101147367e+00,5.438253440834949437e+00,-3.370306178135826336e+00,-3.770903335488230645e+00,-1.499274564189787107e+00,-3.977830991377745207e+00
1.458321225740860882e+03,-3.234388643929066554e+00,4.309117796875526984e+00,-3.373174691474363218e+00,-3.782619887333518172e+00,-1.516738869324141259e+00,-3.981450784517276631e+00
1.960861894039013578e+03,-3.229361410368701168e+00,8.024423604282995726e+00,-3.355021399032674267e+00,-3.762108609830006056e+00,-1.459811611005871645e+00,-3.965985940587825720e+00
1.651630004764640262e+03,-3.229446166233158610e+00,7.059237398088171744e+00,-3.355461098157559885e+00,-3.768143398162230540e+00,-1.507882730817876604e+00,-3.960292838701709783e+00
2.204828761456484244e+03,-3.229933512453786015e+00,5.549315963191613577e+00,-3.368254248886362490e+00,-3.775084434571648995e+00,-1.493642060099802826e+00,-3.978556082961250961e+00
2.465888848884096205e+03,-3.229827567623214879e+00,6.009432127240653010e+00,-3.368526443582720020e+00,-3.777341816145750819e+00,-1.506093790839611035e+00,-3.974873977263762903e+00
1.348924617675956824e+03,-3.233219921098107186e+00,6.091406846122953134e+00,-3.362600974423552547e+00,-3.778305734555129636e+00,-1.519625970477183508e+00,-3.977281507912120428e+00
1.311785712381195481e+03,-3.233603138685259282e+00,6.041164276485414319e+00,-3.361847204495178154e+00,-3.778124484939691552e+00,-1.490595548453647945e+00,-3.975018429102664452e+00
1.827223992141545750e+03,-3.231667980679995722e+00,7.767922064554508843e+00,-3.363229116030531429e+00,-3.771307027813526336e+00,-1.511708582652582900e+00,-3.972500435283381925e+00
2.060313355916198816e+03,-3.229815459642578102e+00,1.002883769824375015e+01,-3.364171328440999975e+00,-3.761119975563976148e+00,-1.499274564189787107e+00,-3.965164547778385895e+00
1.704463593886894841e+03,-3.231350146188282313e+00,4.819476530562104344e+00,-3.366097629369068311e+00,-3.779422067413855668e+00,-1.516101227351690062e+00,-3.979609731668531936e+00
1.298732708009814814e+03,-3.233192072742642864e+00,6.577966467875959289e+00,-3.367165470100932811e+00,-3.778042098750855171e+00,-1.490808095777798270e+00,-3.978386139621366890e+00
1.421959284992015000e+03,-3.232475885687980721e+00,7.384491927846975834e+00,-3.368798638279077551e+00,-3.778779455140935717e+00,-1.508325537743189670e+00,-3.979326492768725299e+00
2.484535997986068196e+03,-3.228943685036734568e+00,7.387136273617372240e+00,-3.367688921440081362e+00,-3.770956886510973938e+00,-1.487673022746580420e+00,-3.978471111291308482e+00
1.668723224774781329e+03,-3.230989933764339739e+00,5.496429047783678357e+00,-3.368128620564966980e+00,-3.776802186608875900e+00,-1.501789707525566397e+00,-3.980748352045755389e+00
3.143401932922422020e+03,-3.229134385731763146e+00,5.594269841288358691e+00,-3.362726602744948945e+00,-3.773996936879016495e+00,-1.493128404066439430e+00,-3.978170878057513793e+00
1.099829784255443883e+03,-3.234224580791438708e+00,5.173818863795272449e+00,-3.365972001047672801e+00,-3.778289257317362537e+00,-1.513054715705534958e+00,-3.976046586308962905e+00
1.301218994556744292e+03,-3.234231240180788891e+00,6.408728338570566230e+00,-3.372734992349478045e+00,-3.781825272542196803e+00,-1.511478323051419936e+00,-3.980875809550668443e+00
1.738650033907177431e+03,-3.232070571036166573e+00,6.165448527694062264e+00,-3.370766815314278020e+00,-3.777102896198126558e+00,-1.498566073109286023e+00,-3.982280674493710038e+00
1.311008747835280019e+03,-3.234615063166972782e+00,3.806692100500139730e+00,-3.371332142760559147e+00,-3.782988153597614200e+00,-1.512647333334246946e+00,-3.982600734450491675e+00
1.546895183975229202e+03,-3.234084430915568742e+00,5.459408206998123347e+00,-3.376683909252018445e+00,-3.779949339022404597e+00,-1.512186814131921020e+00,-3.981328991790359595e+00
1.056319769684175299e+03,-3.233896151816667786e+00,6.250067592346759682e+00,-3.363731629316114802e+00,-3.781168654617175218e+00,-1.510574996923780944e+00,-3.976933124065358260e+00
1.142873620099163190e+03,-3.234064452747518192e+00,4.264163918778780982e+00,-3.364380708976659751e+00,-3.779850475595802006e+00,-1.526268074356882165e+00,-3.978281341228438350e+00
2.781336454525793670e+03,-3.227763156924654986e+00,6.482770020141675360e+00,-3.364987912530072567e+00,-3.767785018240794592e+00,-1.495466424632093450e+00,-3.972123727546638783e+00
1.746419679366332502e+03,-3.231062581648159959e+00,5.499073393554074762e+00,-3.362182213352233440e+00,-3.772757024737036780e+00,-1.522406797968150594e+00,-3.976916129731369320e+00
1.378760056239112600e+03,-3.233492350662433346e+00,5.009869426030672201e+00,-3.368756762171945862e+00,-3.778355166268431375e+00,-1.484254553283162137e+00,-3.979575743000555388e+00
1.071237488965753073e+03,-3.232355108581129510e+00,6.771003709114924440e+00,-3.354623576014921227e+00,-3.770853903774929350e+00,-1.518545521579419244e+00,-3.964626393868753595e+00
1.521099961050834281e+03,-3.233609495375093790e+00,5.779374045216132849e+00,-3.374832985316787770e+00,-3.779088403349070369e+00,-1.500904093674939821e+00,-3.982184373267775968e+00
1.344729009128013104e+03,-3.234000280450143539e+00,5.300747460774317688e+00,-3.371499647189086346e+00,-3.778231586985177248e+00,-1.512859880658397271e+00,-3.982226859102746985e+00
1.446822150461311367e+03,-3.232496469255063509e+00,6.686384644462226134e+00,-3.366683894868915505e+00,-3.774277049921058058e+00,-1.513284975306697921e+00,-3.977989605161637243e+00
1.260816838169137782e+03,-3.232261271731195151e+00,5.623357644762724483e+00,-3.371981222421103652e+00,-3.773523216293209970e+00,-1.516384623783890495e+00,-3.972106733212650731e+00
1.400515063524746665e+03,-3.235121479457103710e+00,5.187040592647256254e+00,-3.373070001206533330e+00,-3.782478183088720414e+00,-1.508148414973064400e+00,-3.982275009715714020e+00
1.253513371437531987e+03,-3.233046474275486304e+00,5.562537692043597382e+00,-3.366558266547519995e+00,-3.768971379360030571e+00,-1.513284975306697921e+00,-3.969498102945429707e+00
2.481428139802406349e+03,-3.227869101755226122e+00,6.006787781470255716e+00,-3.358643682299586430e+00,-3.760497959838265292e+00,-1.502232514450879464e+00,-3.963351818819622618e+00
1.010323468565976896e+03,-3.233572868733667338e+00,5.216128396121620270e+00,-3.366725770976047194e+00,-3.780299480324956996e+00,-1.519820805524321417e+00,-3.978071744442581270e+00
1.260506052350771824e+03,-3.234030550401735482e+00,7.701813420294588930e+00,-3.371583399403350167e+00,-3.778330450411780728e+00,-1.524762530810817029e+00,-3.979031924312926627e+00
1.055387412229076745e+03,-3.233984842774831669e+00,4.875007791740436858e+00,-3.371206514439162749e+00,-3.780460133393186872e+00,-1.482164504595683940e+00,-3.979663547059495432e+00
1.379847806603394247e+03,-3.233063728147893556e+00,7.114768659266505146e+00,-3.366013877154804490e+00,-3.777234714100264235e+00,-1.501134353276102784e+00,-3.977465613196994987e+00
1.200524389406094315e+03,-3.235121479457103710e+00,6.030586893403826920e+00,-3.368086744457834403e+00,-3.782001578986305290e+00,-1.513922617279149119e+00,-3.982000267982901409e+00
1.381867914422774675e+03,-3.234012993829812110e+00,4.499510692344094842e+00,-3.374791109209656081e+00,-3.781330131547293139e+00,-1.505934380346498180e+00,-3.980626559318838797e+00
1.586364982907737158e+03,-3.231344092197963480e+00,5.287525731922332994e+00,-3.366977027618838658e+00,-3.778515819336661252e+00,-1.491392600919211553e+00,-3.980725692933770876e+00
1.710679310254218990e+03,-3.231498468951082170e+00,7.101546930414521341e+00,-3.371897470206839387e+00,-3.771249357481341047e+00,-1.491675997351412208e+00,-3.973885473503437016e+00
1.973293326773661875e+03,-3.232932961957017071e+00,3.452349767266971181e+00,-3.373798645470628799e+00,-3.780919024465002387e+00,-1.514932217068863274e+00,-3.983458948316906501e+00
2.447241699782123760e+03,-3.228631904535339103e+00,9.433859899904476265e+00,-3.368945204654039127e+00,-3.770783875514418959e+00,-1.486167479200515507e+00,-3.977661048037861580e+00
1.481940947936692510e+03,-3.234788812689109783e+00,4.732213120139010520e+00,-3.375555348164813729e+00,-3.782624418573904190e+00,-1.517553634066717505e+00,-3.982549751448526187e+00
1.418229855171620329e+03,-3.232979577682468353e+00,7.910716736155933404e+00,-3.364569151458753016e+00,-3.774380032657102646e+00,-1.516012665966627537e+00,-3.973913797393417990e+00
1.699801806611401844e+03,-3.230720531195172995e+00,5.924813062587955592e+00,-3.364485399244489194e+00,-3.772563417193272706e+00,-1.492898144465276689e+00,-3.973596569825634361e+00
2.361775599731417515e+03,-3.229506706136342054e+00,5.956545211832717790e+00,-3.369489594046754188e+00,-3.773329608749445452e+00,-1.508874618330578121e+00,-3.975542421067306709e+00
2.374207032466065812e+03,-3.229536976087933997e+00,9.198513126339163293e+00,-3.368296124993494178e+00,-3.771821941493750163e+00,-1.493695196930840519e+00,-3.973780675110508920e+00
1.413257282077761374e+03,-3.233665494785538552e+00,4.835342605184484555e+00,-3.368945204654039127e+00,-3.780526042344255266e+00,-1.491091492209998703e+00,-3.982269344937717559e+00
1.929783312202393290e+03,-3.229461301208954360e+00,6.720761139477385626e+00,-3.364401647030225817e+00,-3.766582179883791515e+00,-1.508626646452402742e+00,-3.974245186906191218e+00
1.785267906662108089e+03,-3.230093943197222650e+00,1.122937067800388533e+01,-3.361805328388046465e+00,-3.768308170539901969e+00,-1.485830945937277381e+00,-3.971027593004386347e+00
1.566163904713934016e+03,-3.231882897336297855e+00,5.514939468176454973e+00,-3.366160443529766066e+00,-3.770409018355215913e+00,-1.502462774052042427e+00,-3.976935956454356269e+00
2.257662350578739279e+03,-3.230390588722822365e+00,6.390217918177787837e+00,-3.362977859387739965e+00,-3.775591109632989273e+00,-1.503454661564744166e+00,-3.976137222756900957e+00
1.491419915396861825e+03,-3.233253218044858102e+00,7.157078191592853855e+00,-3.366977027618838658e+00,-3.773593244553720361e+00,-1.511265775727269611e+00,-3.976910464953373303e+00
9.703874909059196625e+02,-3.234009058736105224e+00,4.697836625123851917e+00,-3.369175523243264969e+00,-3.774993809763929509e+00,-1.519803093247308778e+00,-3.969384807385507141e+00
1.327014217481139440e+03,-3.231770898515408330e+00,6.157515490382872159e+00,-3.359104319478037226e+00,-3.774071084448967994e+00,-1.495732108787281245e+00,-3.974321661409139228e+00
1.465780085381649769e+03,-3.234448881132733877e+00,5.237283162284794180e+00,-3.376510123407420849e+00,-3.782953963329247493e+00,-1.510982379295069178e+00,-3.982753683456387694e+00
1.768174686651967022e+03,-3.229927458463468071e+00,7.143856462740869162e+00,-3.360674673495484210e+00,-3.770330751475821529e+00,-1.493004418127351851e+00,-3.970206200194946966e+00
1.312562676927110942e+03,-3.233208418516502203e+00,5.861348764098432973e+00,-3.370934319742805219e+00,-3.781377915536817902e+00,-1.489391113616795659e+00,-3.980606732595851849e+00
